Red#0, 2.0017270584184956, 1.9623412250931316, 1.8534509800171253, 1.6889572055406057, 1.4827607840137005, 1.2487625977865382, 1.0008635292092478, 0.7529644606319573, 0.5189662744047951, 0.31276985287788994, 0.14827607840137003, 0.03938583332536391, 0.0, 0.0, 0.0, 0.0, 0.0, 0.0, 0.0, 0.0, 0.0, 0.0, 0.0, 0.0, 0.0, 0.0, 0.0, 0.0, 0.0, 0.0, 0.0, 0.0, 0.0, 0.0, 0.0, 0.0, 0.0, 0.0, 0.0, 0.0, 0.0, 0.0, 0.0, 0.0, 0.0, 0.0, 0.0, 0.0, 0.0, 0.0, 0.0, 0.0, 0.0, 0.0, 0.0, 0.0, 0.0, 0.0, 0.0, 0.0, 0.0, 0.0, 0.0, 0.0, 0.0, 0.0, 0.0, 0.0, 0.0, 0.0, 0.0, 0.0, 0.0, 0.0, 0.0, 0.0, 0.0, 0.0, 0.0, 0.0, 0.0, 0.0, 0.0, 0.0, 0.0, 0.0, 0.0, 0.0, 0.0, 0.0, 0.0
Green#0, 1.8450961240847346, 1.8087921494210302, 1.7084223371154947, 1.5567998546964947, 1.366737869692396, 1.1510495496315647, 0.9225480620423673, 0.6940465744531699, 0.4783582543923386, 0.28829626938823977, 0.1366737869692396, 0.03630397466370426, 0.0, 0.0, 0.0, 0.0, 0.0, 0.0, 0.0, 0.0, 0.0, 0.0, 0.0, 0.0, 0.0, 0.0, 0.0, 0.0, 0.0, 0.0, 0.0, 0.0, 0.0, 0.0, 0.0, 0.0, 0.0, 0.0, 0.0, 0.0, 0.0, 0.0, 0.0, 0.0, 0.0, 0.0, 0.0, 0.0, 0.0, 0.0, 0.0, 0.0, 0.0, 0.0, 0.0, 0.0, 0.0, 0.0, 0.0, 0.0, 0.0, 0.0, 0.0, 0.0, 0.0, 0.0, 0.0, 0.0, 0.0, 0.0, 0.0, 0.0, 0.0, 0.0, 0.0, 0.0, 0.0, 0.0, 0.0, 0.0, 0.0, 0.0, 0.0, 0.0, 0.0, 0.0, 0.0, 0.0, 0.0, 0.0, 0.0
Blue#0, 1.7279303252366929, 1.695508953153027, 1.6058733950393633, 1.4704664881017013, 1.3007310695460403, 1.1081099765783797, 0.9035786488789864, 0.6981938126543407, 0.5035202348997636, 0.331122682610577, 0.19256592278210208, 0.09941472240966033, 0.06323384848857312, 0.05935241686182974, 0.05547098523508635, 0.051399259781441956, 0.04700124643333867, 0.04248032461911288, 0.03803987376710103, 0.03388327330563953, 0.030213902663064812, 0.027235141267713286, 0.02464232775908062, 0.022049514250447953, 0.019538150380829924, 0.017189685789241176, 0.015085570114696339, 0.01330725299621006, 0.011936184072796974, 0.01105381298347172, 0.010741589367248939, 0.010741589367248939, 0.010741589367248939, 0.010741589367248939, 0.010741589367248939, 0.010741589367248939, 0.010741589367248939, 0.010741589367248939, 0.010741589367248939, 0.010741589367248939, 0.010741589367248939, 0.010741589367248939, 0.010741589367248939, 0.010741589367248939, 0.010679310663458825, 0.010457779026692458, 0.010055632141329651, 0.009500993131224189, 0.00882198512022985, 0.008046731232200417, 0.007203354590989671, 0.0063199783204513915, 0.005424725544439361, 0.00454571938680736, 0.00371108297140917, 0.0029489394220985716, 0.002287411862729346, 0.0017546234171552746, 0.001378697209230138, 0.0011877563628077171, 0.00114222975849167, 0.00114222975849167, 0.00114222975849167, 0.001129401982883609, 0.001093149573556481, 0.0010368189067558665, 9.637563587273465E-4, 8.773083057165023E-4, 7.80821123968915E-4, 6.776411897301655E-4, 5.71114879245835E-4, 4.645885687615044E-4, 3.6140863452275494E-4, 2.6492145277516756E-4, 1.7847339976432343E-4, 1.0541085173580352E-4, 4.908018493518894E-5, 1.2827775608060746E-5, 0.0, 0.0, 0.0, 0.0, 0.0, 0.0, 0.0, 0.0, 0.0, 0.0, 0.0, 0.0, 0.0
Red#1, 0.0, 0.0, 0.0, 0.0, 0.0, 0.0, 0.0, 0.0, 0.0, 0.0, 0.0, 0.0, 0.0, 0.0, 0.0, 0.0, 0.0, 0.0, 0.0, 0.0, 0.0, 0.0, 0.0, 0.0, 0.0, 0.0, 0.0, 0.0, 0.0, 0.0, 0.0, 0.0, 0.0, 0.0, 0.0, 0.0, 0.0, 0.0, 0.0, 0.0, 0.0, 0.0, 0.0, 0.0, 0.0, 0.0, 0.0, 0.0, 0.0, 0.0, 0.0, 0.0, 0.0, 0.0, 0.0, 0.0, 0.0, 0.0, 0.0, 0.0, 0.0, 0.0, 0.0, 0.0, 0.0, 0.0, 0.0, 0.0, 0.0, 0.0, 0.0, 0.0, 0.0, 0.0, 0.0, 0.0, 0.0, 0.0, 0.0, 0.0, 0.0, 0.0, 0.0, 0.0, 0.0, 0.0, 0.0, 0.0, 0.0, 0.0, 0.0
Green#1, 0.0, 0.0, 0.0, 0.0, 0.0, 0.0, 0.0, 0.0, 0.0, 0.0, 0.0, 0.0, 0.0, 0.0, 0.0, 0.0, 0.0, 0.0, 0.0, 0.0, 0.0, 0.0, 0.0, 0.0, 0.0, 0.0, 0.0, 0.0, 0.0, 0.0, 0.0, 0.0, 0.0, 0.0, 0.0, 0.0, 0.0, 0.0, 0.0, 0.0, 0.0, 0.0, 0.0, 0.0, 0.0, 0.0, 0.0, 0.0, 0.0, 0.0, 0.0, 0.0, 0.0, 0.0, 0.0, 0.0, 0.0, 0.0, 0.0, 0.0, 0.0, 0.0, 0.0, 0.0, 0.0, 0.0, 0.0, 0.0, 0.0, 0.0, 0.0, 0.0, 0.0, 0.0, 0.0, 0.0, 0.0, 0.0, 0.0, 0.0, 0.0, 0.0, 0.0, 0.0, 0.0, 0.0, 0.0, 0.0, 0.0, 0.0, 0.0
Blue#1, 0.0, 0.0, 0.0, 0.0, 0.0, 0.0, 0.0, 0.0, 0.0, 0.0, 0.0, 0.0, 0.0, 0.0, 0.0, 0.0, 0.0, 0.0, 0.0, 0.0, 0.0, 0.0, 0.0, 0.0, 0.0, 0.0, 0.0, 0.0, 0.0, 0.0, 0.0, 0.0, 0.0, 0.0, 0.0, 0.0, 0.0, 0.0, 0.0, 0.0, 0.0, 0.0, 0.0, 0.0, 0.0, 0.0, 0.0, 0.0, 0.0, 0.0, 0.0, 0.0, 0.0, 0.0, 0.0, 0.0, 0.0, 0.0, 0.0, 0.0, 0.0, 0.0, 0.0, 0.0, 0.0, 0.0, 0.0, 0.0, 0.0, 0.0, 0.0, 0.0, 0.0, 0.0, 0.0, 0.0, 0.0, 0.0, 0.0, 0.0, 0.0, 0.0, 0.0, 0.0, 0.0, 0.0, 0.0, 0.0, 0.0, 0.0, 0.0
Red#2, 1.4375142900373317, 1.4375142900373317, 1.4375142900373317, 1.4375142900373317, 1.4375142900373317, 1.4375142900373317, 1.4375142900373317, 1.4375142900373317, 1.4375142900373317, 1.4375142900373317, 1.4375142900373317, 1.4375142900373317, 1.4375142900373317, 1.4375142900373317, 1.4375142900373317, 1.4375142900373317, 1.4375142900373317, 1.4375142900373317, 1.4375142900373317, 1.4375142900373317, 1.4375142900373317, 1.4375142900373317, 1.4375142900373317, 1.4375142900373317, 1.4375142900373317, 1.4375142900373317, 1.4375142900373317, 1.4375142900373317, 1.4375142900373317, 1.4375142900373317, 1.4375142900373317, 1.4375142900373317, 1.4375142900373317, 1.4375142900373317, 1.4375142900373317, 1.4375142900373317, 1.4375142900373317, 1.4375142900373317, 1.4375142900373317, 1.4375142900373317, 1.4375142900373317, 1.4375142900373317, 1.4375142900373317, 1.4375142900373317, 1.4375142900373317, 1.4375142900373317, 1.4213703307253889, 1.37574609788729, 1.3048530591696288, 1.2129026822189986, 1.1041064346819935, 0.9826757842052072, 0.8528221984352334, 0.7187571450186658, 0.5846920916020982, 0.4548385058321245, 0.3334078553553382, 0.22461160781833306, 0.13266123086770298, 0.0617681921500416, 0.01614395931194269, 0.0, 0.0, 0.0, 0.0, 0.0, 0.0, 0.0, 0.0, 0.0, 0.0, 0.0, 0.0, 0.0, 0.0, 0.0, 0.0, 0.0, 0.0, 0.0, 0.0, 0.0, 0.0, 0.0, 0.0, 0.0, 0.0, 0.0, 0.0, 0.0, 0.0
Green#2, 1.138679824947725, 1.138679824947725, 1.138679824947725, 1.138679824947725, 1.138679824947725, 1.138679824947725, 1.138679824947725, 1.138679824947725, 1.138679824947725, 1.138679824947725, 1.138679824947725, 1.138679824947725, 1.138679824947725, 1.138679824947725, 1.138679824947725, 1.138679824947725, 1.138679824947725, 1.138679824947725, 1.138679824947725, 1.138679824947725, 1.138679824947725, 1.138679824947725, 1.138679824947725, 1.138679824947725, 1.138679824947725, 1.138679824947725, 1.138679824947725, 1.138679824947725, 1.138679824947725, 1.138679824947725, 1.138679824947725, 1.138679824947725, 1.138679824947725, 1.138679824947725, 1.138679824947725, 1.138679824947725, 1.138679824947725, 1.138679824947725, 1.138679824947725, 1.138679824947725, 1.138679824947725, 1.138679824947725, 1.138679824947725, 1.138679824947725, 1.138679824947725, 1.138679824947725, 1.129435884238418, 1.0997677364919611, 1.0491592191916759, 0.9809463083872139, 0.8984649801282262, 0.8050512104643647, 0.7040409754452808, 0.5987702511206261, 0.4925750135400522, 0.38879123875321053, 0.2907549028097526, 0.20180198175933, 0.12526845165159434, 0.06449028853619705, 0.02280346846278973, 0.0035439674810238955, 0.0, 0.0, 0.0, 0.0, 0.0, 0.0, 0.0, 0.0, 0.0, 0.0, 0.0, 0.0, 0.0, 0.0, 0.0, 0.0, 0.0, 0.0, 0.0, 0.0, 0.0, 0.0, 0.0, 0.0, 0.0, 0.0, 0.0, 0.0, 0.0
Blue#2, 0.44820076180678387, 0.44820076180678387, 0.44820076180678387, 0.44820076180678387, 0.44820076180678387, 0.44820076180678387, 0.44820076180678387, 0.44820076180678387, 0.44820076180678387, 0.44820076180678387, 0.44820076180678387, 0.44820076180678387, 0.44820076180678387, 0.44820076180678387, 0.44820076180678387, 0.44820076180678387, 0.44820076180678387, 0.44820076180678387, 0.44820076180678387, 0.44820076180678387, 0.44820076180678387, 0.44820076180678387, 0.44820076180678387, 0.44820076180678387, 0.44820076180678387, 0.44820076180678387, 0.44820076180678387, 0.44820076180678387, 0.44820076180678387, 0.44820076180678387, 0.44820076180678387, 0.44820076180678387, 0.44820076180678387, 0.44820076180678387, 0.44820076180678387, 0.44820076180678387, 0.44820076180678387, 0.44820076180678387, 0.44820076180678387, 0.44820076180678387, 0.44820076180678387, 0.44820076180678387, 0.44820076180678387, 0.44820076180678387, 0.44820076180678387, 0.44820076180678387, 0.4431672571575866, 0.4289421353228986, 0.40683848447207577, 0.37816939277447387, 0.3442479483994487, 0.30638723951635616, 0.26590035429455194, 0.22410038090339193, 0.18230040751223192, 0.1418135222904277, 0.10395281340733513, 0.07003136903230998, 0.041362277334708084, 0.019258626483885245, 0.0050335046491972795, 0.0, 0.0, 0.0, 0.0, 0.0, 0.0, 0.0, 0.0, 0.0, 0.0, 0.0, 0.0, 0.0, 0.0, 0.0, 0.0, 0.0, 0.0, 0.0, 0.0, 0.0, 0.0, 0.0, 0.0, 0.0, 0.0, 0.0, 0.0, 0.0, 0.0
Red#3, 2.4081164057124678, 2.4081164057124678, 2.4081164057124678, 2.4081164057124678, 2.4081164057124678, 2.4081164057124678, 2.4081164057124678, 2.4081164057124678, 2.4081164057124678, 2.4081164057124678, 2.3907440707778385, 2.341648341614755, 2.2653611316844255, 2.166414354448057, 2.0493399233668583, 1.9186697519020364, 1.7789357535147992, 1.634669841666354, 1.490403929817909, 1.3506699314306716, 1.2199997599658496, 1.1029253288846508, 1.0039785516482826, 0.9276913417179531, 0.8785956125548697, 0.858181211547549, 0.8429541932652436, 0.8108589519386122, 0.7644186026388082, 0.7061562604369847, 0.6385950404042943, 0.5642580576118903, 0.48566842713092573, 0.4053492640325538, 0.3258236833879273, 0.24961480026819938, 0.17924572974452313, 0.11723958688805158, 0.06611948676993774, 0.02840854446133468, 0.006629875033395445, 0.0, 0.0, 0.0, 0.0, 0.0, 0.0, 0.0, 0.0, 0.0, 0.0, 0.0, 0.0, 0.0, 0.0, 0.0, 0.0, 0.0, 0.0, 0.0, 0.0, 0.0, 0.0, 0.0, 0.0, 0.0, 0.0, 0.0, 0.0, 0.0, 0.0, 0.0, 0.0, 0.0, 0.0, 0.0, 0.0, 0.0, 0.0, 0.0, 0.0, 0.0, 0.0, 0.0, 0.0, 0.0, 0.0, 0.0, 0.0, 0.0, 0.0
Green#3, 1.929225186113305, 1.929225186113305, 1.929225186113305, 1.929225186113305, 1.929225186113305, 1.929225186113305, 1.929225186113305, 1.929225186113305, 1.9232491682502437, 1.9063604221155046, 1.8801179088907565, 1.8372197829145631, 1.7719052084112457, 1.6880446613911082, 1.5895086178644553, 1.4801675538415904, 1.363891945332818, 1.2445522683484418, 1.126018998898766, 1.0121626129940953, 0.906853586644733, 0.8139623958609837, 0.7373595166531512, 0.6809154250315398, 0.6420049254161692, 0.6169635147726138, 0.6039846319611157, 0.5896353886910735, 0.5638895697934776, 0.5285287261704654, 0.48533440872417416, 0.436088168356741, 0.38257155597030323, 0.3265661224669981, 0.26985341874896274, 0.21421499571833452, 0.1614324042772506, 0.11328719532784823, 0.07156091977226464, 0.03803512851263708, 0.01449137245110276, 0.0027112024897989325, 0.0, 0.0, 0.0, 0.0, 0.0, 0.0, 0.0, 0.0, 0.0, 0.0, 0.0, 0.0, 0.0, 0.0, 0.0, 0.0, 0.0, 0.0, 0.0, 0.0, 0.0, 0.0, 0.0, 0.0, 0.0, 0.0, 0.0, 0.0, 0.0, 0.0, 0.0, 0.0, 0.0, 0.0, 0.0, 0.0, 0.0, 0.0, 0.0, 0.0, 0.0, 0.0, 0.0, 0.0, 0.0, 0.0, 0.0, 0.0, 0.0
Blue#3, 1.5072675055624924, 1.5072675055624924, 1.5072675055624924, 1.502572755405705, 1.4893049832234788, 1.4637313201398494, 1.4229810862020122, 1.3695722822269127, 1.3060229090314968, 1.2348509674327093, 1.1585744582474964, 1.079711382292803, 1.0007797403855754, 0.9242975333427585, 0.848883401659338, 0.7738341354515091, 0.7026849599680334, 0.6389711004576719, 0.5862277821691863, 0.5428872410504814, 0.5065652347613254, 0.47418359034852386, 0.44180194593572236, 0.4104375259547366, 0.38110755483738235, 0.35482925701547535, 0.3326198569208314, 0.31549657898526623, 0.304296412905089, 0.29669230445131634, 0.28687039142650356, 0.27181191103013147, 0.2523974607836415, 0.2295076382084749, 0.20402304082607303, 0.17682426615787716, 0.14879191172532868, 0.12080657504986886, 0.09374885365293899, 0.0684993450559804, 0.04593864678043442, 0.026947356347742344, 0.012406071279345496, 0.003195389096685188, 0.0, 0.0, 0.0, 0.0, 0.0, 0.0, 0.0, 0.0, 0.0, 0.0, 0.0, 0.0, 0.0, 0.0, 0.0, 0.0, 0.0, 0.0, 0.0, 0.0, 0.0, 0.0, 0.0, 0.0, 0.0, 0.0, 0.0, 0.0, 0.0, 0.0, 0.0, 0.0, 0.0, 0.0, 0.0, 0.0, 0.0, 0.0, 0.0, 0.0, 0.0, 0.0, 0.0, 0.0, 0.0, 0.0, 0.0
Red#4, 2.745134175041428, 2.745134175041428, 2.745134175041428, 2.745134175041428, 2.745134175041428, 2.745134175041428, 2.745134175041428, 2.745134175041428, 2.745134175041428, 2.745134175041428, 2.745134175041428, 2.745134175041428, 2.745134175041428, 2.745134175041428, 2.745134175041428, 2.745134175041428, 2.745134175041428, 2.745134175041428, 2.743326821464977, 2.7352189089439145, 2.718803516284976, 2.69533478115667, 2.6660668412275044, 2.6322538341659887, 2.59514989764063, 2.5560091693199376, 2.51608578687242, 2.476633887966585, 2.4389076102709413, 2.404161091453998, 2.373648469184262, 2.348623881130243, 2.3303414649604486, 2.320055358343388, 2.317055184190557, 2.317055184190557, 2.317055184190557, 2.317055184190557, 2.296294795894451, 2.2323629057765277, 2.1263290358576206, 1.9849814337476634, 1.8151083470565892, 1.6234980233943317, 1.4169387103708235, 1.2022186555959982, 0.986126106679789, 0.7754493112321292, 0.5769765168629521, 0.39749597118219104, 0.2437959217997791, 0.1226646163256497, 0.040890302369736065, 0.0052612275419714775, 0.0, 0.0, 0.0, 0.0, 0.0, 0.0, 0.0, 0.0, 0.0, 0.0, 0.0, 0.0, 0.0, 0.0, 0.0, 0.0, 0.0, 0.0, 0.0, 0.0, 0.0, 0.0, 0.0, 0.0, 0.0, 0.0, 0.0, 0.0, 0.0, 0.0, 0.0, 0.0, 0.0, 0.0, 0.0, 0.0, 0.0
Green#4, 2.3117475936856593, 2.3117475936856593, 2.3117475936856593, 2.3117475936856593, 2.3117475936856593, 2.3117475936856593, 2.3117475936856593, 2.310766381404938, 2.3079933901768124, 2.3036845884223403, 2.2980959445625793, 2.2914834270185875, 2.2841030042114223, 2.2762106445621417, 2.2680623164918035, 2.259913988421465, 2.2520216287721846, 2.2446412059650194, 2.2380286884210276, 2.2324400445612667, 2.2281312428067945, 2.225358251578669, 2.22038498876312, 2.208884130507445, 2.1907349755452707, 2.1670360526185743, 2.138885890469334, 2.1073830178395276, 2.073625963471134, 2.03871325610613, 2.0037434244864945, 1.9698149973542056, 1.938026503451241, 1.909476471519579, 1.885263430301198, 1.8664859085380756, 1.8542424349721898, 1.849631538345519, 1.8299271128363217, 1.7737896425262967, 1.6851994842361013, 1.5695189020573044, 1.4321101600814747, 1.2783355224001807, 1.1135572531049918, 0.9431376162874763, 0.7724388760392031, 0.6068232964517412, 0.45165314161665904, 0.31229067562552565, 0.19409816256990975, 0.10243786654138015, 0.04267205163150562, 0.020162981931854968, 0.019093085447283935, 0.019093085447283935, 0.019093085447283935, 0.019093085447283935, 0.019093085447283935, 0.019093085447283935, 0.019093085447283935, 0.019093085447283935, 0.019093085447283935, 0.019093085447283935, 0.019093085447283935, 0.018878661147827134, 0.018272679431970952, 0.017331077073486734, 0.01610979084614582, 0.014664757523719546, 0.013051913879979253, 0.01132719668869628, 0.009546542723641967, 0.007765888758587655, 0.006041171567304682, 0.004428327923564389, 0.002983294601138115, 0.0017620083737971992, 8.204060153129815E-4, 2.14424299456802E-4, 0.0, 0.0, 0.0, 0.0, 0.0, 0.0, 0.0, 0.0, 0.0, 0.0, 0.0
Blue#4, 1.031042763072938, 1.031042763072938, 1.031042763072938, 1.031042763072938, 1.031042763072938, 1.031042763072938, 1.031042763072938, 1.031042763072938, 1.031042763072938, 1.031042763072938, 1.031042763072938, 1.031042763072938, 1.031042763072938, 1.031042763072938, 1.031042763072938, 1.031042763072938, 1.031042763072938, 1.031042763072938, 1.031042763072938, 1.031042763072938, 1.031042763072938, 1.031042763072938, 1.031042763072938, 1.031042763072938, 1.0288877181013554, 1.0214647004442392, 1.0082349918214824, 0.9901084317488564, 0.9679948597421331, 0.9428041153170839, 0.9154460379894805, 0.8868304672750946, 0.8578672426896978, 0.8294662037490617, 0.802537189968958, 0.7779900408651581, 0.7567345959534338, 0.7347161967191776, 0.7056915970741421, 0.6693445233170916, 0.6263336295335968, 0.5754942215835086, 0.5175848810509207, 0.4546968626921347, 0.38892142126345264, 0.32234981152117637, 0.2570732882216077, 0.19518310612104856, 0.13877051997580078, 0.08992678454216627, 0.0507431545764469, 0.023310884834944527, 0.009721230073961033, 0.006669251538516463, 0.006669251538516463, 0.006669251538516463, 0.006669251538516463, 0.006669251538516463, 0.006669251538516463, 0.006669251538516463, 0.006669251538516463, 0.006669251538516463, 0.006639227720409329, 0.006509502796789709, 0.006250838413478633, 0.005882773393342847, 0.005424846559249097, 0.004896596734064132, 0.004317562740654698, 0.003707283401887544, 0.003085297540629417, 0.002471143979747064, 0.001884361542107233, 0.0013444890505766708, 8.710653280221256E-4, 4.8362919731034435E-4, 2.0171948130807456E-4, 4.4875002882063816E-5, 0.0, 0.0, 0.0, 0.0, 0.0, 0.0, 0.0, 0.0, 0.0, 0.0, 0.0, 0.0, 0.0
Red#5, 2.9913233650103237, 2.9913233650103237, 2.9913233650103237, 2.9913233650103237, 2.9913233650103237, 2.9913233650103237, 2.9913233650103237, 2.9913233650103237, 2.9913233650103237, 2.9913233650103237, 2.9913233650103237, 2.986607763776731, 2.9732810646383165, 2.9525734244386266, 2.9257150000212064, 2.8939359482296028, 2.8584664259073613, 2.820536589898028, 2.7813765970451483, 2.742216604192269, 2.699099284069187, 2.6489694805559187, 2.5944106072213344, 2.5380060776343067, 2.475643411084842, 2.4042072273792616, 2.3278894058159616, 2.245938131783491, 2.156781486108032, 2.0635631508493635, 1.9694268080672606, 1.8775161398215008, 1.790974828171861, 1.7070759826993507, 1.6155863362486307, 1.5141366953783426, 1.4039881511572827, 1.28549962350403, 1.1642175164509119, 1.0456882340302558, 0.9281800343191016, 0.8086147124367169, 0.6905808442444455, 0.5778344084401634, 0.4741313837217464, 0.38322774878707055, 0.30887948233401175, 0.25484256306044595, 0.2248729696642492, 0.21634562380115882, 0.21634562380115882, 0.21634562380115882, 0.21634562380115882, 0.21634562380115882, 0.21634562380115882, 0.21634562380115882, 0.21634562380115882, 0.21634562380115882, 0.21634562380115882, 0.21604371722517135, 0.2130627467973743, 0.20572375911868168, 0.19466057925882344, 0.1805070322875295, 0.16389694327452992, 0.14546413728955454, 0.12584243940233342, 0.10566567468259644, 0.08556766820007358, 0.06618224502449481, 0.04814323022559007, 0.03208444887308934, 0.018639726036722558, 0.00844288678621969, 0.0021277561913106914, 0.0, 0.0, 0.0, 0.0, 0.0, 0.0, 0.0, 0.0, 0.0, 0.0, 0.0, 0.0, 0.0, 0.0, 0.0, 0.0
Green#5, 2.605023092847047, 2.605023092847047, 2.605023092847047, 2.605023092847047, 2.605023092847047, 2.605023092847047, 2.605023092847047, 2.605023092847047, 2.605023092847047, 2.605023092847047, 2.605023092847047, 2.5995080455509463, 2.5831803950761465, 2.556866184296104, 2.5221975943958954, 2.4808068065605955, 2.4343260019752804, 2.3843873618250258, 2.332623067294907, 2.2806652995699994, 2.2235369903626734, 2.157410506076205, 2.0856421799320284, 2.011588345151576, 1.9352717068280731, 1.856041382484311, 1.7770879722144441, 1.6969697953386427, 1.6124798942052667, 1.525797376328918, 1.439842996470888, 1.3575375093924675, 1.2818016698549475, 1.2067794871518334, 1.1265552637276077, 1.0450290857726332, 0.9606410915342902, 0.8706819845690532, 0.7790517179061022, 0.6896502445746169, 0.6027540087687684, 0.5166973574169135, 0.4329302918392635, 0.3541561623400652, 0.2830783192235652, 0.2224001127940104, 0.17482489335564755, 0.14305601121272335, 0.12979681666948453, 0.12821071930432412, 0.12821071930432412, 0.12821071930432412, 0.12821071930432412, 0.12821071930432412, 0.12821071930432412, 0.12821071930432412, 0.12821071930432412, 0.12821071930432412, 0.12805814084824899, 0.12633965284320173, 0.1220316465216691, 0.11550973922536303, 0.10714954829599538, 0.09732669107527804, 0.08641678490492291, 0.07479544712664186, 0.06283829508214679, 0.05092094611314959, 0.039419017561362124, 0.0287081267684963, 0.019163891076263997, 0.011161927826377106, 0.005077854360547509, 0.0012872880204870974, 0.0, 0.0, 0.0, 0.0, 0.0, 0.0, 0.0, 0.0, 0.0, 0.0, 0.0, 0.0, 0.0, 0.0, 0.0, 0.0, 0.0
Blue#5, 1.6758329443784623, 1.6758329443784623, 1.6758329443784623, 1.6758329443784623, 1.6758329443784623, 1.6758329443784623, 1.6742423586630473, 1.6697472251194831, 1.662762479151791, 1.6537030561639923, 1.6429838915601085, 1.6252520727090318, 1.5938144642102172, 1.5486548657927026, 1.4923041715067726, 1.4272932754027117, 1.3561530715308043, 1.2814144539413355, 1.2056083166845892, 1.1312655538108503, 1.0609170593704036, 0.9930800476509445, 0.925240866686472, 0.8572729190728126, 0.7909356743785303, 0.7298353600304627, 0.6775782034554463, 0.6315010320421348, 0.5853904748518258, 0.538393473889546, 0.4920002979358691, 0.44770121577136895, 0.40376354447793783, 0.35901511447636886, 0.31578696455558763, 0.27641013350451954, 0.24321566011209023, 0.21417188777310686, 0.18654912861931777, 0.15978461668678762, 0.13302010475425746, 0.10709636283007903, 0.08285416092260409, 0.06113426904018431, 0.04277745719117148, 0.028624495383917307, 0.019516153626773537, 0.016293201928091895, 0.016293201928091895, 0.016293201928091895, 0.016293201928091895, 0.016293201928091895, 0.016293201928091895, 0.016293201928091895, 0.016293201928091895, 0.016293201928091895, 0.01621116568140867, 0.015878380066287553, 0.01523285728100481, 0.014322331315584146, 0.013194536160049269, 0.011897205804423884, 0.010478074238731698, 0.008984875452996421, 0.007465343437241758, 0.005967212181491413, 0.004538215675769096, 0.003226087910098513, 0.0020785628745033694, 0.0011433745590073731, 4.682569536342306E-4, 1.0094404840764862E-4, 0.0, 0.0, 0.0, 0.0, 0.0, 0.0, 0.0, 0.0, 0.0, 0.0, 0.0, 0.0, 0.0, 0.0, 0.0, 0.0, 0.0, 0.0, 0.0
Red#6, 2.3134244837839226, 2.3134244837839226, 2.3134244837839226, 2.3134244837839226, 2.3134244837839226, 2.3134244837839226, 2.3103951448141715, 2.2975816470121044, 2.2722614646044996, 2.23633416144071, 2.1916993013700887, 2.1402564482419892, 2.083905165905765, 2.0245450182107687, 1.9640755690063547, 1.9043963821418757, 1.847407021466685, 1.7950070508301361, 1.7490960340815824, 1.709068455954117, 1.660896793041138, 1.5956864642924935, 1.516312818118038, 1.420502271745093, 1.3082710470311196, 1.1838876882863483, 1.0516207398210093, 0.9157387459453338, 0.7805102509695524, 0.6502037992038955, 0.529087934958594, 0.4214312025438782, 0.3315021462699791, 0.26356931044712717, 0.22190123938555306, 0.20804356531259585, 0.20804356531259585, 0.20804356531259585, 0.20804356531259585, 0.20804356531259585, 0.20804356531259585, 0.20804356531259585, 0.20804356531259585, 0.20804356531259585, 0.20804356531259585, 0.20804356531259585, 0.20804356531259585, 0.20804356531259585, 0.20804356531259585, 0.20804356531259585, 0.20613231441011115, 0.20073095316395875, 0.1923380687660912, 0.18145224840846097, 0.16857207928302065, 0.15419614858172273, 0.13882304349651975, 0.12295135121936424, 0.10707965894220875, 0.09170655385700577, 0.07733062315570785, 0.06445045403026751, 0.0535646336726373, 0.04517174927476973, 0.039770388028617334, 0.03785913712613264, 0.03785913712613264, 0.03785913712613264, 0.03785913712613264, 0.03785913712613264, 0.03785913712613264, 0.037433961269735645, 0.03623237732774413, 0.03436530074095731, 0.03194364695017442, 0.02907833139619465, 0.025880269519817235, 0.022460376761841386, 0.01892956856306632, 0.015398760364291254, 0.011978867606315405, 0.00878080572993799, 0.005915490175958225, 0.0034938363851753267, 0.001626759798388512, 4.2517585639699745E-4, 0.0, 0.0, 0.0, 0.0, 0.0
Green#6, 2.0164952974133663, 2.0164952974133663, 2.0164952974133663, 2.0164952974133663, 2.0164952974133663, 2.0164952974133663, 2.0126168716584534, 2.0016561032206557, 1.9813997409162134, 1.948301298659818, 1.9026491507359675, 1.846790483358854, 1.7830724827426696, 1.713842335101606, 1.6414472266498565, 1.568234343601612, 1.4965508721710654, 1.4287439985724082, 1.3671609090198333, 1.3081215944321087, 1.242985938854636, 1.170710049871465, 1.0925651318013412, 1.0091478801360672, 0.9214279656613031, 0.8277553751592464, 0.7293756999275146, 0.6294286382390439, 0.5310538883667709, 0.4373911485836316, 0.3515801171625623, 0.2767604923764992, 0.2160719724983786, 0.1726542558011367, 0.14964704055770978, 0.1436387258068779, 0.1436387258068779, 0.1436387258068779, 0.1436387258068779, 0.1436387258068779, 0.1436387258068779, 0.1436387258068779, 0.1436387258068779, 0.1436387258068779, 0.1436387258068779, 0.1436387258068779, 0.1436387258068779, 0.1436387258068779, 0.1436387258068779, 0.1436387258068779, 0.14295494111119286, 0.14040540906693783, 0.135658732479096, 0.1290542717990748, 0.12093138747828183, 0.11162943996812455, 0.10148778972001041, 0.09084579718534695, 0.08004282281554166, 0.06941822706200203, 0.05931137037613555, 0.05006161320934972, 0.04200831601305205, 0.03549083923865003, 0.030848543337551135, 0.02842078876116289, 0.02780369172645252, 0.02780369172645252, 0.02780369172645252, 0.02780369172645252, 0.02755624933683242, 0.026792149525588026, 0.02552240700620629, 0.023828477906792052, 0.021791818355450153, 0.01949388448028544, 0.01701613240940275, 0.014440018270906928, 0.011846998192902811, 0.009318528303495242, 0.0069360647307890625, 0.004781063602889115, 0.002934981047900238, 0.0014792731939272758, 4.953961690750683E-4, 6.480610144845729E-5, 0.0, 0.0, 0.0, 0.0, 0.0
Blue#6, 1.2418474119351317, 1.2418474119351317, 1.2418474119351317, 1.2418474119351317, 1.2418474119351317, 1.2418474119351317, 1.239247962679302, 1.227260267278128, 1.2027282216445416, 1.1666411891311503, 1.1201449784063708, 1.0653631813624294, 1.0027345603375692, 0.9329908915055094, 0.8586952875116891, 0.7824108610015478, 0.7067007246205254, 0.634127991014061, 0.5638706915762587, 0.49509316051276225, 0.4307439346017635, 0.3744263408076507, 0.326918217773258, 0.28350029800439097, 0.2412455587817921, 0.20089061992752752, 0.16301565594785392, 0.12910040191493297, 0.09879325642920544, 0.07144960425563679, 0.04810965971317567, 0.029813637120770745, 0.017601750797370686, 0.012514215061924159, 0.011911808090623461, 0.011911808090623461, 0.011911808090623461, 0.011911808090623461, 0.011911808090623461, 0.011911808090623461, 0.011911808090623461, 0.011911808090623461, 0.011911808090623461, 0.011911808090623461, 0.011911808090623461, 0.011911808090623461, 0.011911808090623461, 0.011911808090623461, 0.011911808090623461, 0.011911808090623461, 0.011778032902105717, 0.011399972586729484, 0.010812525019760261, 0.010050588076463545, 0.009149059632104837, 0.008142837561949631, 0.00706681974126343, 0.005955904045311731, 0.004844988349360031, 0.0037689705286738295, 0.002762748458518625, 0.0018612200141599159, 0.0010992830708632002, 5.118355038939769E-4, 1.3377518851774396E-4, 0.0, 0.0, 0.0, 0.0, 0.0, 0.0, 0.0, 0.0, 0.0, 0.0, 0.0, 0.0, 0.0, 0.0, 0.0, 0.0, 0.0, 0.0, 0.0, 0.0, 0.0, 0.0, 0.0, 0.0, 0.0, 0.0
Red#7, 1.1819620092015297, 1.1819620092015297, 1.1819620092015297, 1.1819620092015297, 1.1819620092015297, 1.1707372810269467, 1.1369659639088137, 1.0818833814824391, 1.008952313071656, 0.9216355380002965, 0.8233958355921936, 0.7176959851711797, 0.6079987660610875, 0.49776695758574946, 0.3904633390689983, 0.2895506898346667, 0.19849178920658717, 0.12074941650859232, 0.05978635106451477, 0.019065372198187124, 0.0020492592334419844, 0.0, 0.0, 0.0, 0.0, 0.0, 0.0, 0.0, 0.0, 0.0, 0.0, 0.0, 0.0, 0.0, 0.0, 0.0, 0.0, 0.0, 0.0, 0.0, 0.0, 0.0, 0.0, 0.0, 0.0, 0.0, 0.0, 0.0, 0.0, 0.0, 0.0, 0.0, 0.0, 0.0, 0.0, 0.0, 0.0, 0.0, 0.0, 0.0, 0.0, 0.0, 0.0, 0.0, 0.0, 0.0, 0.0, 0.0, 0.0, 0.0, 0.0, 0.0, 0.0, 0.0, 0.0, 0.0, 0.0, 0.0, 0.0, 0.0, 0.0, 0.0, 0.0, 0.0, 0.0, 0.0, 0.0, 0.0, 0.0, 0.0, 0.0
Green#7, 0.6340313523330932, 0.6340313523330932, 0.6340313523330932, 0.6340313523330932, 0.6340313523330932, 0.6340313523330932, 0.6269108830441961, 0.6067878176625305, 0.5755196699156349, 0.5349639535310473, 0.4869781822363064, 0.4334198697589504, 0.3761465298265177, 0.3170156761665466, 0.25788482250657546, 0.20061148257414277, 0.14705317009678676, 0.0990673988020458, 0.058511682417458306, 0.0272435346705626, 0.0071204692888970425, 0.0, 0.0, 0.0, 0.0, 0.0, 0.0, 0.0, 0.0, 0.0, 0.0, 0.0, 0.0, 0.0, 0.0, 0.0, 0.0, 0.0, 0.0, 0.0, 0.0, 0.0, 0.0, 0.0, 0.0, 0.0, 0.0, 0.0, 0.0, 0.0, 0.0, 0.0, 0.0, 0.0, 0.0, 0.0, 0.0, 0.0, 0.0, 0.0, 0.0, 0.0, 0.0, 0.0, 0.0, 0.0, 0.0, 0.0, 0.0, 0.0, 0.0, 0.0, 0.0, 0.0, 0.0, 0.0, 0.0, 0.0, 0.0, 0.0, 0.0, 0.0, 0.0, 0.0, 0.0, 0.0, 0.0, 0.0, 0.0, 0.0, 0.0
Blue#7, 0.007483682637358555, 0.007483682637358555, 0.007483682637358555, 0.007483682637358555, 0.007483682637358555, 0.007483682637358555, 0.007483682637358555, 0.007483682637358555, 0.007483682637358555, 0.007483682637358555, 0.007483682637358555, 0.007483682637358555, 0.007483682637358555, 0.007483682637358555, 0.007483682637358555, 0.007483682637358555, 0.007483682637358555, 0.007483682637358555, 0.007483682637358555, 0.007483682637358555, 0.007483682637358555, 0.007483682637358555, 0.007483682637358555, 0.007483682637358555, 0.007483682637358555, 0.007483682637358555, 0.007483682637358555, 0.007483682637358555, 0.007483682637358555, 0.007483682637358555, 0.007483682637358555, 0.007483682637358555, 0.007483682637358555, 0.007483682637358555, 0.007483682637358555, 0.007483682637358555, 0.007483682637358555, 0.007483682637358555, 0.007483682637358555, 0.007483682637358555, 0.007483682637358555, 0.007483682637358555, 0.007483682637358555, 0.007483682637358555, 0.007483682637358555, 0.007483682637358555, 0.007483682637358555, 0.007483682637358555, 0.007483682637358555, 0.007483682637358555, 0.007483682637358555, 0.007483682637358555, 0.007483682637358555, 0.007483682637358555, 0.007483682637358555, 0.007483682637358555, 0.007483682637358555, 0.007483682637358555, 0.007483682637358555, 0.007483682637358555, 0.007483682637358555, 0.007483682637358555, 0.007483682637358555, 0.007483682637358555, 0.007483682637358555, 0.007483682637358555, 0.007483682637358555, 0.007483682637358555, 0.007483682637358555, 0.007483682637358555, 0.007483682637358555, 0.007483682637358555, 0.007399637373364782, 0.007162118149034555, 0.006793049815844509, 0.00631435722527128, 0.005747965228791507, 0.005115798677881825, 0.004439782424018869, 0.0037418413186792775, 0.0030439002133396858, 0.00236788395947673, 0.0017357174085670477, 0.0011693254120872742, 6.906328215140463E-4, 3.215644883240004E-4, 8.404526399377283E-5, 0.0, 0.0, 0.0, 0.0

